True,Predicted,Count
HEALTHY LIVING,WELLNESS,338
PARENTS,PARENTING,202
THE WORLDPOST,WORLD NEWS,142
WORLD NEWS,THE WORLDPOST,136
BLACK VOICES,ENTERTAINMENT,115
ENTERTAINMENT,COMEDY,113
TASTE,FOOD & DRINK,103
COMEDY,ENTERTAINMENT,92
PARENTING,WELLNESS,91
MEDIA,POLITICS,86
FOOD & DRINK,TASTE,84
POLITICS,MEDIA,83
BUSINESS,POLITICS,77
WELLNESS,PARENTING,75
COMEDY,POLITICS,66
WORLDPOST,POLITICS,65
POLITICS,BLACK VOICES,63
BLACK VOICES,POLITICS,62
ENTERTAINMENT,POLITICS,59
IMPACT,WELLNESS,59
POLITICS,BUSINESS,57
QUEER VOICES,ENTERTAINMENT,56
BUSINESS,WELLNESS,55
POLITICS,ENTERTAINMENT,55
WOMEN,WELLNESS,54
BUSINESS,MONEY,54
WELLNESS,HEALTHY LIVING,54
ENVIRONMENT,GREEN,49
WEIRD NEWS,CRIME,49
POLITICS,WORLDPOST,48
U.S. NEWS,POLITICS,47
WOMEN,ENTERTAINMENT,47
FOOD & DRINK,WELLNESS,46
STYLE & BEAUTY,WELLNESS,46
WOMEN,POLITICS,45
POLITICS,COMEDY,44
GREEN,POLITICS,44
CRIME,POLITICS,44
STYLE,ENTERTAINMENT,44
QUEER VOICES,POLITICS,43
POLITICS,WOMEN,42
ARTS,ENTERTAINMENT,42
MONEY,BUSINESS,42
POLITICS,CRIME,40
ENTERTAINMENT,BLACK VOICES,40
RELIGION,POLITICS,40
FIFTY,WELLNESS,39
HEALTHY LIVING,POLITICS,38
POLITICS,GREEN,38
TECH,BUSINESS,37
WORLD NEWS,POLITICS,37
ARTS & CULTURE,ENTERTAINMENT,35
IMPACT,POLITICS,35
POLITICS,QUEER VOICES,35
THE WORLDPOST,POLITICS,34
POLITICS,WORLD NEWS,34
CULTURE & ARTS,ARTS,31
POLITICS,SPORTS,31
DIVORCE,WELLNESS,31
GOOD NEWS,WEIRD NEWS,31
SCIENCE,WELLNESS,30
POLITICS,HEALTHY LIVING,30
POLITICS,RELIGION,30
FOOD & DRINK,TRAVEL,29
WELLNESS,BUSINESS,29
POLITICS,LATINO VOICES,29
ENTERTAINMENT,SPORTS,29
TRAVEL,FOOD & DRINK,28
POLITICS,IMPACT,28
POLITICS,THE WORLDPOST,27
IMPACT,BUSINESS,27
LATINO VOICES,POLITICS,27
POLITICS,U.S. NEWS,27
STYLE,STYLE & BEAUTY,27
PARENTS,ENTERTAINMENT,26
U.S. NEWS,CRIME,26
WEIRD NEWS,COMEDY,25
BLACK VOICES,SPORTS,25
BUSINESS,TECH,25
TRAVEL,WELLNESS,23
DIVORCE,PARENTING,23
IMPACT,PARENTING,23
BLACK VOICES,STYLE & BEAUTY,23
SCIENCE,GREEN,22
STYLE & BEAUTY,HOME & LIVING,22
WEIRD NEWS,GREEN,22
BLACK VOICES,CRIME,21
HEALTHY LIVING,PARENTING,21
CRIME,BLACK VOICES,21
POLITICS,EDUCATION,21
HEALTHY LIVING,BUSINESS,21
SCIENCE,HEALTHY LIVING,21
WEDDINGS,WELLNESS,21
FIFTY,HEALTHY LIVING,20
POLITICS,WELLNESS,20
ENTERTAINMENT,QUEER VOICES,20
MEDIA,ENTERTAINMENT,20
WELLNESS,FOOD & DRINK,20
WEDDINGS,DIVORCE,19
COMEDY,WELLNESS,19
CRIME,WEIRD NEWS,19
ENTERTAINMENT,WOMEN,19
WOMEN,PARENTING,19
IMPACT,HEALTHY LIVING,19
MONEY,WELLNESS,18
QUEER VOICES,PARENTING,18
WOMEN,BUSINESS,18
QUEER VOICES,WELLNESS,18
WEIRD NEWS,SPORTS,17
SPORTS,ENTERTAINMENT,17
STYLE & BEAUTY,ENTERTAINMENT,17
ENTERTAINMENT,WELLNESS,17
HEALTHY LIVING,WOMEN,17
PARENTING,PARENTS,17
WELLNESS,STYLE & BEAUTY,16
HOME & LIVING,FOOD & DRINK,16
WEIRD NEWS,GOOD NEWS,16
GREEN,ENVIRONMENT,16
GREEN,SCIENCE,16
EDUCATION,PARENTING,16
DIVORCE,WEDDINGS,16
WORLDPOST,IMPACT,16
STYLE & BEAUTY,STYLE,15
ENTERTAINMENT,STYLE,15
BUSINESS,GREEN,15
STYLE & BEAUTY,PARENTING,15
POLITICS,TECH,15
WEIRD NEWS,ENTERTAINMENT,15
PARENTS,HEALTHY LIVING,15
TRAVEL,STYLE & BEAUTY,15
COMEDY,WEIRD NEWS,15
ENTERTAINMENT,PARENTING,15
HOME & LIVING,WELLNESS,15
LATINO VOICES,ENTERTAINMENT,14
BUSINESS,HEALTHY LIVING,14
WEIRD NEWS,POLITICS,14
WELLNESS,IMPACT,14
HOME & LIVING,STYLE & BEAUTY,14
IMPACT,GREEN,14
IMPACT,WORLDPOST,14
TRAVEL,PARENTING,14
U.S. NEWS,ENTERTAINMENT,14
WELLNESS,TRAVEL,14
ENTERTAINMENT,HEALTHY LIVING,14
RELIGION,WELLNESS,14
GOOD NEWS,ENTERTAINMENT,13
PARENTS,POLITICS,13
GOOD NEWS,GREEN,13
PARENTS,GOOD NEWS,13
COMEDY,HEALTHY LIVING,13
TRAVEL,BUSINESS,13
ENVIRONMENT,WELLNESS,13
PARENTS,WELLNESS,13
ENTERTAINMENT,STYLE & BEAUTY,13
CULTURE & ARTS,ENTERTAINMENT,13
WOMEN,BLACK VOICES,13
WOMEN,HEALTHY LIVING,13
PARENTING,EDUCATION,12
GOOD NEWS,WELLNESS,12
PARENTING,STYLE & BEAUTY,12
PARENTING,IMPACT,12
CRIME,ENTERTAINMENT,12
ENTERTAINMENT,ARTS,12
COLLEGE,POLITICS,12
HEALTHY LIVING,COMEDY,12
COMEDY,PARENTS,12
ENTERTAINMENT,MEDIA,12
WOMEN,COMEDY,12
WORLDPOST,TRAVEL,12
TRAVEL,ENTERTAINMENT,12
HEALTHY LIVING,PARENTS,12
EDUCATION,POLITICS,11
CRIME,U.S. NEWS,11
PARENTS,WEIRD NEWS,11
ENTERTAINMENT,TRAVEL,11
MEDIA,COMEDY,11
WOMEN,SPORTS,11
MEDIA,BUSINESS,11
TECH,WELLNESS,11
ENTERTAINMENT,PARENTS,11
HOME & LIVING,TRAVEL,11
ARTS & CULTURE,WEIRD NEWS,10
GREEN,HEALTHY LIVING,10
HEALTHY LIVING,IMPACT,10
GREEN,IMPACT,10
IMPACT,RELIGION,10
WEIRD NEWS,TRAVEL,10
ARTS,TRAVEL,10
POLITICS,SCIENCE,10
POLITICS,COLLEGE,10
EDUCATION,COLLEGE,10
TECH,POLITICS,10
COMEDY,TECH,10
ENTERTAINMENT,ARTS & CULTURE,10
BUSINESS,ENTERTAINMENT,10
WORLD NEWS,GREEN,10
SPORTS,WEIRD NEWS,10
POLITICS,PARENTING,9
WOMEN,COLLEGE,9
STYLE & BEAUTY,FOOD & DRINK,9
COLLEGE,EDUCATION,9
POLITICS,MONEY,9
HEALTHY LIVING,FIFTY,9
IMPACT,EDUCATION,9
WELLNESS,FIFTY,9
HOME & LIVING,MONEY,9
WOMEN,PARENTS,9
BUSINESS,COMEDY,9
BLACK VOICES,RELIGION,9
IMPACT,WOMEN,9
FIFTY,ENTERTAINMENT,9
WELLNESS,HOME & LIVING,9
U.S. NEWS,HEALTHY LIVING,9
PARENTING,CRIME,9
FIFTY,PARENTING,9
TRAVEL,GREEN,9
ENTERTAINMENT,BUSINESS,9
WEDDINGS,TRAVEL,9
FOOD & DRINK,HOME & LIVING,9
SPORTS,QUEER VOICES,9
GOOD NEWS,IMPACT,9
COMEDY,SPORTS,9
WEIRD NEWS,TASTE,9
IMPACT,TRAVEL,9
GREEN,WEIRD NEWS,9
GREEN,U.S. NEWS,9
POLITICS,TRAVEL,9
PARENTS,WOMEN,9
GOOD NEWS,PARENTS,9
SPORTS,WELLNESS,9
TASTE,WEIRD NEWS,9
STYLE,HEALTHY LIVING,9
U.S. NEWS,SPORTS,9
TASTE,BUSINESS,8
ENTERTAINMENT,LATINO VOICES,8
WELLNESS,SCIENCE,8
BLACK VOICES,WELLNESS,8
ARTS,CULTURE & ARTS,8
HEALTHY LIVING,SPORTS,8
GREEN,WELLNESS,8
WELLNESS,ENTERTAINMENT,8
IMPACT,THE WORLDPOST,8
MEDIA,BLACK VOICES,8
RELIGION,HEALTHY LIVING,8
ENTERTAINMENT,CRIME,8
QUEER VOICES,RELIGION,8
QUEER VOICES,WOMEN,8
SPORTS,POLITICS,8
SPORTS,BLACK VOICES,8
COMEDY,WOMEN,8
IMPACT,SPORTS,8
IMPACT,BLACK VOICES,8
TRAVEL,HEALTHY LIVING,8
POLITICS,ARTS & CULTURE,8
BUSINESS,WORLDPOST,8
TRAVEL,HOME & LIVING,8
TASTE,HEALTHY LIVING,8
QUEER VOICES,COMEDY,8
ARTS & CULTURE,BLACK VOICES,8
TRAVEL,POLITICS,8
U.S. NEWS,GREEN,8
BUSINESS,TRAVEL,8
PARENTING,HEALTHY LIVING,8
COMEDY,TRAVEL,8
WORLD NEWS,RELIGION,7
WORLD NEWS,ENTERTAINMENT,7
WORLD NEWS,IMPACT,7
MONEY,POLITICS,7
BUSINESS,IMPACT,7
BUSINESS,HOME & LIVING,7
WOMEN,QUEER VOICES,7
CULTURE & ARTS,WELLNESS,7
EDUCATION,IMPACT,7
STYLE & BEAUTY,BUSINESS,7
DIVORCE,WOMEN,7
ENTERTAINMENT,WORLD NEWS,7
ENTERTAINMENT,WEIRD NEWS,7
COMEDY,PARENTING,7
COLLEGE,WELLNESS,7
PARENTING,TRAVEL,7
FIFTY,TRAVEL,7
FIFTY,WOMEN,7
BUSINESS,THE WORLDPOST,7
RELIGION,WORLD NEWS,7
STYLE,POLITICS,7
SPORTS,COMEDY,7
STYLE,WEIRD NEWS,7
COMEDY,STYLE & BEAUTY,7
WORLD NEWS,MEDIA,7
STYLE & BEAUTY,TRAVEL,7
STYLE & BEAUTY,WEDDINGS,7
BLACK VOICES,IMPACT,7
THE WORLDPOST,RELIGION,7
ENVIRONMENT,BUSINESS,7
ENVIRONMENT,HOME & LIVING,7
QUEER VOICES,BLACK VOICES,7
BUSINESS,WOMEN,7
COLLEGE,BUSINESS,7
ENVIRONMENT,TRAVEL,7
WEIRD NEWS,TECH,7
GREEN,BUSINESS,7
WORLDPOST,BUSINESS,7
HEALTHY LIVING,TECH,7
HEALTHY LIVING,ENTERTAINMENT,7
WELLNESS,WOMEN,7
HEALTHY LIVING,SCIENCE,7
HOME & LIVING,BUSINESS,7
BLACK VOICES,MEDIA,6
BLACK VOICES,COMEDY,6
ARTS & CULTURE,POLITICS,6
WEIRD NEWS,PARENTS,6
HEALTHY LIVING,TRAVEL,6
WORLDPOST,WELLNESS,6
WORLDPOST,HEALTHY LIVING,6
WELLNESS,EDUCATION,6
COMEDY,ARTS & CULTURE,6
COMEDY,BUSINESS,6
ENTERTAINMENT,CULTURE & ARTS,6
THE WORLDPOST,TECH,6
THE WORLDPOST,ENTERTAINMENT,6
POLITICS,WEIRD NEWS,6
TECH,WEIRD NEWS,6
POLITICS,ENVIRONMENT,6
IMPACT,GOOD NEWS,6
ARTS,WELLNESS,6
HOME & LIVING,PARENTING,6
COMEDY,HOME & LIVING,6
QUEER VOICES,ARTS & CULTURE,6
BUSINESS,STYLE & BEAUTY,6
ENTERTAINMENT,HOME & LIVING,6
TASTE,ENTERTAINMENT,6
BUSINESS,TASTE,6
CULTURE & ARTS,STYLE & BEAUTY,6
CULTURE & ARTS,TRAVEL,6
BUSINESS,BLACK VOICES,6
MONEY,PARENTING,6
BLACK VOICES,QUEER VOICES,6
BLACK VOICES,WOMEN,6
MONEY,TRAVEL,6
GOOD NEWS,POLITICS,6
PARENTING,DIVORCE,6
COMEDY,TASTE,6
RELIGION,WORLDPOST,6
RELIGION,QUEER VOICES,6
QUEER VOICES,SPORTS,6
RELIGION,TRAVEL,6
QUEER VOICES,PARENTS,6
CRIME,SPORTS,6
CRIME,QUEER VOICES,6
TECH,COMEDY,6
TASTE,WELLNESS,6
TASTE,TRAVEL,6
PARENTS,COMEDY,6
PARENTS,DIVORCE,6
FOOD & DRINK,STYLE & BEAUTY,6
U.S. NEWS,BUSINESS,6
U.S. NEWS,BLACK VOICES,6
BUSINESS,PARENTING,6
STYLE,SPORTS,6
ARTS & CULTURE,COMEDY,6
SCIENCE,POLITICS,6
SCIENCE,WEIRD NEWS,6
STYLE & BEAUTY,BLACK VOICES,6
ENTERTAINMENT,DIVORCE,5
COMEDY,SCIENCE,5
THE WORLDPOST,ARTS & CULTURE,5
IMPACT,ENTERTAINMENT,5
IMPACT,LATINO VOICES,5
TRAVEL,WEIRD NEWS,5
TRAVEL,WORLDPOST,5
ENVIRONMENT,SCIENCE,5
COLLEGE,BLACK VOICES,5
ENTERTAINMENT,TECH,5
WORLDPOST,RELIGION,5
HEALTHY LIVING,QUEER VOICES,5
HEALTHY LIVING,TASTE,5
HOME & LIVING,ENTERTAINMENT,5
WOMEN,DIVORCE,5
HEALTHY LIVING,GREEN,5
BLACK VOICES,PARENTING,5
WOMEN,IMPACT,5
BLACK VOICES,EDUCATION,5
WELLNESS,DIVORCE,5
WORLDPOST,THE WORLDPOST,5
IMPACT,QUEER VOICES,5
GREEN,WORLD NEWS,5
IMPACT,WORLD NEWS,5
TRAVEL,CRIME,5
THE WORLDPOST,IMPACT,5
PARENTING,COMEDY,5
CRIME,THE WORLDPOST,5
TECH,CRIME,5
SCIENCE,COMEDY,5
RELIGION,ENTERTAINMENT,5
RELIGION,WOMEN,5
PARENTING,BUSINESS,5
FOOD & DRINK,HEALTHY LIVING,5
FOOD & DRINK,PARENTING,5
FOOD & DRINK,ENTERTAINMENT,5
FOOD & DRINK,BUSINESS,5
PARENTS,EDUCATION,5
PARENTING,POLITICS,5
PARENTING,HOME & LIVING,5
EDUCATION,BLACK VOICES,5
DIVORCE,ENTERTAINMENT,5
STYLE,PARENTS,5
EDUCATION,WELLNESS,5
STYLE,BUSINESS,5
STYLE,COMEDY,5
SPORTS,COLLEGE,5
STYLE,WOMEN,5
STYLE,TASTE,5
MONEY,TECH,5
GOOD NEWS,WOMEN,5
MEDIA,SPORTS,5
MONEY,HOME & LIVING,5
GOOD NEWS,SPORTS,5
MEDIA,TECH,5
WELLNESS,QUEER VOICES,5
WELLNESS,MONEY,5
BUSINESS,CRIME,5
BLACK VOICES,HEALTHY LIVING,5
ARTS,ARTS & CULTURE,4
ARTS,BLACK VOICES,4
WOMEN,WEIRD NEWS,4
WELLNESS,SPORTS,4
WOMEN,STYLE,4
WOMEN,STYLE & BEAUTY,4
TRAVEL,WORLD NEWS,4
HEALTHY LIVING,CRIME,4
GREEN,COMEDY,4
WELLNESS,RELIGION,4
WELLNESS,TECH,4
WELLNESS,WEDDINGS,4
BUSINESS,FOOD & DRINK,4
BUSINESS,ENVIRONMENT,4
HEALTHY LIVING,GOOD NEWS,4
HEALTHY LIVING,RELIGION,4
WEIRD NEWS,STYLE,4
COLLEGE,MEDIA,4
WORLDPOST,WORLD NEWS,4
HOME & LIVING,HEALTHY LIVING,4
WEDDINGS,WOMEN,4
COLLEGE,CRIME,4
WEDDINGS,STYLE & BEAUTY,4
WEDDINGS,ENTERTAINMENT,4
IMPACT,MONEY,4
GREEN,GOOD NEWS,4
COMEDY,ARTS,4
IMPACT,CRIME,4
TRAVEL,RELIGION,4
COLLEGE,WOMEN,4
PARENTS,BLACK VOICES,4
PARENTS,BUSINESS,4
ARTS & CULTURE,TRAVEL,4
PARENTING,QUEER VOICES,4
PARENTS,SPORTS,4
GOOD NEWS,TRAVEL,4
PARENTING,FOOD & DRINK,4
PARENTS,QUEER VOICES,4
QUEER VOICES,IMPACT,4
QUEER VOICES,DIVORCE,4
POLITICS,PARENTS,4
FIFTY,BUSINESS,4
FIFTY,MONEY,4
POLITICS,GOOD NEWS,4
ENTERTAINMENT,TASTE,4
PARENTING,ENTERTAINMENT,4
ENVIRONMENT,COMEDY,4
FOOD & DRINK,IMPACT,4
RELIGION,ARTS,4
SCIENCE,BUSINESS,4
MEDIA,WELLNESS,4
SCIENCE,WORLD NEWS,4
SCIENCE,ENVIRONMENT,4
SCIENCE,ENTERTAINMENT,4
SPORTS,WOMEN,4
SPORTS,BUSINESS,4
SPORTS,HEALTHY LIVING,4
SPORTS,CRIME,4
CULTURE & ARTS,PARENTING,4
STYLE & BEAUTY,MONEY,4
STYLE,TRAVEL,4
STYLE,HOME & LIVING,4
STYLE & BEAUTY,WOMEN,4
LATINO VOICES,SPORTS,4
TECH,ENTERTAINMENT,4
TECH,PARENTING,4
TECH,WOMEN,4
THE WORLDPOST,GREEN,4
THE WORLDPOST,TRAVEL,4
TRAVEL,ARTS & CULTURE,4
GOOD NEWS,CRIME,4
FIFTY,POLITICS,4
GOOD NEWS,BLACK VOICES,4
ARTS,WORLDPOST,4
WORLDPOST,ARTS,4
WORLDPOST,GREEN,4
WOMEN,SCIENCE,4
PARENTING,WEDDINGS,4
ARTS & CULTURE,WOMEN,4
WORLD NEWS,WORLDPOST,4
WORLDPOST,MEDIA,4
COMEDY,MEDIA,3
TRAVEL,THE WORLDPOST,3
COMEDY,FIFTY,3
IMPACT,ENVIRONMENT,3
TRAVEL,TASTE,3
COLLEGE,WEIRD NEWS,3
TRAVEL,MONEY,3
TRAVEL,IMPACT,3
BLACK VOICES,TRAVEL,3
WELLNESS,POLITICS,3
BUSINESS,MEDIA,3
HOME & LIVING,COMEDY,3
HOME & LIVING,BLACK VOICES,3
WORLDPOST,SCIENCE,3
BLACK VOICES,PARENTS,3
WEIRD NEWS,THE WORLDPOST,3
HEALTHY LIVING,EDUCATION,3
WELLNESS,ARTS,3
COLLEGE,PARENTING,3
WEIRD NEWS,SCIENCE,3
BUSINESS,WEIRD NEWS,3
ARTS,HEALTHY LIVING,3
ARTS,GREEN,3
BUSINESS,COLLEGE,3
WELLNESS,ENVIRONMENT,3
BLACK VOICES,WORLD NEWS,3
WORLD NEWS,QUEER VOICES,3
WOMEN,WORLD NEWS,3
ARTS,COMEDY,3
GREEN,FOOD & DRINK,3
IMPACT,COLLEGE,3
IMPACT,ARTS & CULTURE,3
BUSINESS,SPORTS,3
U.S. NEWS,LATINO VOICES,3
TRAVEL,WEDDINGS,3
IMPACT,MEDIA,3
GREEN,ENTERTAINMENT,3
WEDDINGS,PARENTING,3
WEIRD NEWS,HEALTHY LIVING,3
U.S. NEWS,WORLD NEWS,3
CRIME,WORLD NEWS,3
SPORTS,TRAVEL,3
CRIME,WORLDPOST,3
THE WORLDPOST,SPORTS,3
TASTE,POLITICS,3
LATINO VOICES,BUSINESS,3
LATINO VOICES,COMEDY,3
LATINO VOICES,WORLD NEWS,3
LATINO VOICES,MEDIA,3
TECH,TRAVEL,3
TECH,SCIENCE,3
THE WORLDPOST,QUEER VOICES,3
TRAVEL,ENVIRONMENT,3
RELIGION,BLACK VOICES,3
RELIGION,PARENTING,3
DIVORCE,STYLE & BEAUTY,3
RELIGION,IMPACT,3
EDUCATION,HEALTHY LIVING,3
EDUCATION,BUSINESS,3
SCIENCE,PARENTING,3
EDUCATION,WORLDPOST,3
MEDIA,ARTS & CULTURE,3
MEDIA,LATINO VOICES,3
SCIENCE,GOOD NEWS,3
MEDIA,PARENTING,3
MEDIA,WORLDPOST,3
MONEY,FIFTY,3
MEDIA,WOMEN,3
MEDIA,ARTS,3
SPORTS,IMPACT,3
SPORTS,MEDIA,3
SCIENCE,TECH,3
SCIENCE,THE WORLDPOST,3
SCIENCE,TRAVEL,3
MONEY,FOOD & DRINK,3
STYLE & BEAUTY,QUEER VOICES,3
COMEDY,STYLE,3
STYLE & BEAUTY,COMEDY,3
STYLE,WELLNESS,3
CULTURE & ARTS,ARTS & CULTURE,3
STYLE,FIFTY,3
CRIME,WELLNESS,3
ENTERTAINMENT,FOOD & DRINK,3
ENTERTAINMENT,GREEN,3
QUEER VOICES,TASTE,3
PARENTS,TRAVEL,3
PARENTS,TASTE,3
FIFTY,WEIRD NEWS,3
ENVIRONMENT,ENTERTAINMENT,3
ENVIRONMENT,U.S. NEWS,3
PARENTING,BLACK VOICES,3
GOOD NEWS,SCIENCE,3
ENVIRONMENT,POLITICS,3
QUEER VOICES,GOOD NEWS,3
QUEER VOICES,FIFTY,3
QUEER VOICES,BUSINESS,3
ENTERTAINMENT,U.S. NEWS,3
QUEER VOICES,HEALTHY LIVING,3
ENTERTAINMENT,SCIENCE,3
FIFTY,PARENTS,3
PARENTING,MONEY,3
ARTS & CULTURE,SCIENCE,3
ARTS & CULTURE,QUEER VOICES,3
PARENTING,WOMEN,3
WOMEN,RELIGION,3
PARENTS,ARTS & CULTURE,3
ARTS & CULTURE,HOME & LIVING,3
WOMEN,CRIME,3
WOMEN,FIFTY,3
ARTS & CULTURE,LATINO VOICES,3
WORLDPOST,CRIME,3
WOMEN,MEDIA,3
WORLD NEWS,U.S. NEWS,3
WORLD NEWS,TRAVEL,3
ARTS,WOMEN,3
WORLD NEWS,SPORTS,3
ARTS,QUEER VOICES,3
WORLD NEWS,SCIENCE,2
WORLD NEWS,HEALTHY LIVING,2
WORLD NEWS,BUSINESS,2
WOMEN,WEDDINGS,2
ARTS,POLITICS,2
WOMEN,TECH,2
HEALTHY LIVING,FOOD & DRINK,2
HEALTHY LIVING,HOME & LIVING,2
HEALTHY LIVING,MONEY,2
HEALTHY LIVING,STYLE & BEAUTY,2
HEALTHY LIVING,U.S. NEWS,2
WEIRD NEWS,WELLNESS,2
WEIRD NEWS,WORLD NEWS,2
WORLDPOST,SPORTS,2
WORLDPOST,WOMEN,2
HEALTHY LIVING,DIVORCE,2
WEIRD NEWS,QUEER VOICES,2
WEIRD NEWS,WEDDINGS,2
BUSINESS,SCIENCE,2
BUSINESS,STYLE,2
BUSINESS,WEDDINGS,2
BUSINESS,WORLD NEWS,2
FOOD & DRINK,COMEDY,2
PARENTS,COLLEGE,2
PARENTS,IMPACT,2
PARENTS,RELIGION,2
BLACK VOICES,GOOD NEWS,2
ARTS,IMPACT,2
WEIRD NEWS,BUSINESS,2
BUSINESS,PARENTS,2
BUSINESS,QUEER VOICES,2
WEDDINGS,HOME & LIVING,2
WEDDINGS,MONEY,2
WEIRD NEWS,ARTS & CULTURE,2
U.S. NEWS,RELIGION,2
U.S. NEWS,WELLNESS,2
WEDDINGS,BUSINESS,2
HEALTHY LIVING,COLLEGE,2
IMPACT,HOME & LIVING,2
IMPACT,PARENTS,2
U.S. NEWS,QUEER VOICES,2
GOOD NEWS,HEALTHY LIVING,2
GOOD NEWS,PARENTING,2
GOOD NEWS,RELIGION,2
ENVIRONMENT,WORLD NEWS,2
GOOD NEWS,ARTS,2
GOOD NEWS,COMEDY,2
GOOD NEWS,FIFTY,2
ENVIRONMENT,CRIME,2
ENVIRONMENT,IMPACT,2
FOOD & DRINK,GREEN,2
GREEN,LATINO VOICES,2
GREEN,PARENTING,2
GREEN,TRAVEL,2
IMPACT,COMEDY,2
IMPACT,CULTURE & ARTS,2
GREEN,ARTS,2
GREEN,HOME & LIVING,2
COMEDY,MONEY,2
COMEDY,RELIGION,2
TRAVEL,PARENTS,2
TRAVEL,SCIENCE,2
TRAVEL,SPORTS,2
TRAVEL,STYLE,2
TRAVEL,TECH,2
COMEDY,FOOD & DRINK,2
COMEDY,GREEN,2
COLLEGE,QUEER VOICES,2
COLLEGE,TRAVEL,2
COMEDY,COLLEGE,2
THE WORLDPOST,WOMEN,2
THE WORLDPOST,WORLDPOST,2
TRAVEL,ARTS,2
TRAVEL,COLLEGE,2
TRAVEL,COMEDY,2
TRAVEL,CULTURE & ARTS,2
THE WORLDPOST,HEALTHY LIVING,2
THE WORLDPOST,PARENTING,2
THE WORLDPOST,SCIENCE,2
LATINO VOICES,WORLDPOST,2
TECH,STYLE & BEAUTY,2
THE WORLDPOST,BUSINESS,2
ENTERTAINMENT,RELIGION,2
QUEER VOICES,ARTS,2
QUEER VOICES,CRIME,2
QUEER VOICES,EDUCATION,2
FIFTY,HOME & LIVING,2
FIFTY,IMPACT,2
POLITICS,STYLE & BEAUTY,2
ENTERTAINMENT,IMPACT,2
FIFTY,DIVORCE,2
FIFTY,GOOD NEWS,2
FIFTY,GREEN,2
PARENTING,COLLEGE,2
LATINO VOICES,MONEY,2
LATINO VOICES,THE WORLDPOST,2
LATINO VOICES,TRAVEL,2
LATINO VOICES,ARTS & CULTURE,2
LATINO VOICES,CRIME,2
LATINO VOICES,GOOD NEWS,2
LATINO VOICES,HEALTHY LIVING,2
IMPACT,SCIENCE,2
IMPACT,STYLE & BEAUTY,2
IMPACT,TECH,2
TECH,CULTURE & ARTS,2
TECH,ENVIRONMENT,2
TECH,FOOD & DRINK,2
TECH,IMPACT,2
EDUCATION,ARTS,2
EDUCATION,MONEY,2
RELIGION,SPORTS,2
RELIGION,THE WORLDPOST,2
RELIGION,WEIRD NEWS,2
SCIENCE,ARTS,2
SCIENCE,COLLEGE,2
DIVORCE,HEALTHY LIVING,2
RELIGION,COMEDY,2
RELIGION,CRIME,2
RELIGION,GREEN,2
QUEER VOICES,STYLE & BEAUTY,2
QUEER VOICES,TRAVEL,2
QUEER VOICES,WEDDINGS,2
QUEER VOICES,WEIRD NEWS,2
RELIGION,ARTS & CULTURE,2
RELIGION,BUSINESS,2
CRIME,IMPACT,2
CRIME,MEDIA,2
CRIME,MONEY,2
COMEDY,WEDDINGS,2
CRIME,BUSINESS,2
CRIME,COLLEGE,2
CRIME,GOOD NEWS,2
CRIME,GREEN,2
TASTE,TECH,2
TECH,BLACK VOICES,2
TASTE,COMEDY,2
TASTE,IMPACT,2
TASTE,PARENTS,2
MONEY,CRIME,2
MONEY,DIVORCE,2
MONEY,IMPACT,2
MONEY,QUEER VOICES,2
MEDIA,QUEER VOICES,2
MEDIA,STYLE & BEAUTY,2
MEDIA,THE WORLDPOST,2
MEDIA,WORLD NEWS,2
EDUCATION,PARENTS,2
EDUCATION,U.S. NEWS,2
STYLE & BEAUTY,FIFTY,2
STYLE & BEAUTY,TECH,2
STYLE,QUEER VOICES,2
STYLE,TECH,2
STYLE,WEDDINGS,2
CULTURE & ARTS,WOMEN,2
DIVORCE,COMEDY,2
DIVORCE,FIFTY,2
CULTURE & ARTS,HOME & LIVING,2
STYLE,BLACK VOICES,2
STYLE,FOOD & DRINK,2
CULTURE & ARTS,COMEDY,2
CULTURE & ARTS,ENVIRONMENT,2
SPORTS,RELIGION,2
SPORTS,SCIENCE,2
SPORTS,STYLE & BEAUTY,2
SPORTS,THE WORLDPOST,2
SPORTS,U.S. NEWS,2
SPORTS,WORLD NEWS,2
SPORTS,ARTS,2
SPORTS,PARENTING,2
SPORTS,PARENTS,2
MONEY,STYLE & BEAUTY,2
BUSINESS,EDUCATION,2
BUSINESS,FIFTY,2
WOMEN,ARTS & CULTURE,2
BLACK VOICES,TECH,2
BLACK VOICES,U.S. NEWS,2
BUSINESS,ARTS,2
WELLNESS,CULTURE & ARTS,2
HOME & LIVING,CULTURE & ARTS,2
HOME & LIVING,STYLE,2
HOME & LIVING,TASTE,2
BLACK VOICES,BUSINESS,2
ARTS & CULTURE,MEDIA,2
ARTS & CULTURE,TECH,2
WORLDPOST,ENTERTAINMENT,2
ARTS,STYLE & BEAUTY,2
ARTS & CULTURE,CULTURE & ARTS,2
ARTS & CULTURE,FOOD & DRINK,2
ARTS & CULTURE,HEALTHY LIVING,2
ARTS,MEDIA,1
ARTS,WEIRD NEWS,1
ARTS & CULTURE,GOOD NEWS,1
WORLD NEWS,STYLE & BEAUTY,1
WORLD NEWS,TECH,1
WORLD NEWS,WOMEN,1
WORLDPOST,BLACK VOICES,1
WORLDPOST,COLLEGE,1
WORLDPOST,COMEDY,1
WORLDPOST,LATINO VOICES,1
WORLDPOST,QUEER VOICES,1
WOMEN,FOOD & DRINK,1
WOMEN,GOOD NEWS,1
WOMEN,LATINO VOICES,1
ARTS & CULTURE,PARENTS,1
ARTS & CULTURE,SPORTS,1
ARTS & CULTURE,STYLE,1
ARTS & CULTURE,WORLD NEWS,1
BLACK VOICES,ARTS,1
BLACK VOICES,ARTS & CULTURE,1
BLACK VOICES,COLLEGE,1
BLACK VOICES,CULTURE & ARTS,1
BLACK VOICES,DIVORCE,1
PARENTS,WORLD NEWS,1
PARENTS,WORLDPOST,1
POLITICS,ARTS,1
FIFTY,RELIGION,1
FIFTY,SCIENCE,1
FIFTY,STYLE,1
FIFTY,STYLE & BEAUTY,1
FIFTY,TECH,1
PARENTS,FIFTY,1
PARENTS,FOOD & DRINK,1
PARENTS,MONEY,1
PARENTS,SCIENCE,1
PARENTS,STYLE,1
PARENTS,STYLE & BEAUTY,1
PARENTS,TECH,1
PARENTS,THE WORLDPOST,1
BLACK VOICES,LATINO VOICES,1
WOMEN,MONEY,1
PARENTING,SCIENCE,1
PARENTING,STYLE,1
PARENTING,U.S. NEWS,1
PARENTING,WEIRD NEWS,1
PARENTING,WORLD NEWS,1
PARENTS,CRIME,1
WEDDINGS,RELIGION,1
WEDDINGS,TASTE,1
WEIRD NEWS,ARTS,1
WEIRD NEWS,COLLEGE,1
WEIRD NEWS,DIVORCE,1
WEIRD NEWS,ENVIRONMENT,1
WEIRD NEWS,FOOD & DRINK,1
WEIRD NEWS,HOME & LIVING,1
STYLE & BEAUTY,COLLEGE,1
STYLE & BEAUTY,CULTURE & ARTS,1
STYLE & BEAUTY,DIVORCE,1
STYLE & BEAUTY,ENVIRONMENT,1
STYLE & BEAUTY,GREEN,1
STYLE & BEAUTY,IMPACT,1
STYLE & BEAUTY,POLITICS,1
STYLE & BEAUTY,THE WORLDPOST,1
CULTURE & ARTS,U.S. NEWS,1
CULTURE & ARTS,WEDDINGS,1
DIVORCE,BUSINESS,1
DIVORCE,CULTURE & ARTS,1
DIVORCE,FOOD & DRINK,1
STYLE,MONEY,1
STYLE,PARENTING,1
STYLE & BEAUTY,ARTS & CULTURE,1
CULTURE & ARTS,BUSINESS,1
CULTURE & ARTS,GREEN,1
CULTURE & ARTS,HEALTHY LIVING,1
CULTURE & ARTS,IMPACT,1
CULTURE & ARTS,LATINO VOICES,1
CULTURE & ARTS,POLITICS,1
CULTURE & ARTS,QUEER VOICES,1
CULTURE & ARTS,RELIGION,1
SPORTS,FOOD & DRINK,1
SPORTS,GOOD NEWS,1
SPORTS,LATINO VOICES,1
SPORTS,TASTE,1
SPORTS,WEDDINGS,1
SPORTS,WORLDPOST,1
STYLE,COLLEGE,1
CRIME,WOMEN,1
TASTE,CRIME,1
TASTE,GREEN,1
TASTE,RELIGION,1
TASTE,SPORTS,1
TASTE,STYLE & BEAUTY,1
TASTE,THE WORLDPOST,1
TASTE,WORLD NEWS,1
TASTE,WORLDPOST,1
MEDIA,STYLE,1
MEDIA,WEIRD NEWS,1
MONEY,ARTS & CULTURE,1
MONEY,COLLEGE,1
MONEY,CULTURE & ARTS,1
MONEY,SCIENCE,1
STYLE & BEAUTY,WORLD NEWS,1
TASTE,ARTS,1
SCIENCE,IMPACT,1
SCIENCE,RELIGION,1
SCIENCE,SPORTS,1
MEDIA,COLLEGE,1
MEDIA,EDUCATION,1
MEDIA,HOME & LIVING,1
MEDIA,PARENTS,1
MEDIA,RELIGION,1
EDUCATION,SCIENCE,1
EDUCATION,TECH,1
EDUCATION,THE WORLDPOST,1
EDUCATION,WOMEN,1
SCIENCE,CRIME,1
SCIENCE,CULTURE & ARTS,1
SCIENCE,EDUCATION,1
SCIENCE,FOOD & DRINK,1
TECH,COLLEGE,1
TECH,EDUCATION,1
TECH,HOME & LIVING,1
TECH,MONEY,1
IMPACT,STYLE,1
IMPACT,U.S. NEWS,1
IMPACT,WEDDINGS,1
IMPACT,WEIRD NEWS,1
RELIGION,SCIENCE,1
DIVORCE,HOME & LIVING,1
DIVORCE,IMPACT,1
DIVORCE,POLITICS,1
DIVORCE,RELIGION,1
DIVORCE,TRAVEL,1
EDUCATION,FIFTY,1
EDUCATION,LATINO VOICES,1
CRIME,TRAVEL,1
QUEER VOICES,MEDIA,1
QUEER VOICES,WORLD NEWS,1
RELIGION,COLLEGE,1
RELIGION,EDUCATION,1
RELIGION,FOOD & DRINK,1
RELIGION,GOOD NEWS,1
RELIGION,HOME & LIVING,1
TECH,ARTS & CULTURE,1
CRIME,COMEDY,1
CRIME,HEALTHY LIVING,1
CRIME,HOME & LIVING,1
CRIME,PARENTING,1
CRIME,RELIGION,1
CRIME,STYLE & BEAUTY,1
CRIME,TECH,1
POLITICS,STYLE,1
ENTERTAINMENT,GOOD NEWS,1
ENTERTAINMENT,MONEY,1
QUEER VOICES,GREEN,1
QUEER VOICES,HOME & LIVING,1
QUEER VOICES,LATINO VOICES,1
LATINO VOICES,WELLNESS,1
LATINO VOICES,WOMEN,1
PARENTING,FIFTY,1
PARENTING,GOOD NEWS,1
PARENTING,GREEN,1
FIFTY,ARTS,1
FIFTY,BLACK VOICES,1
FIFTY,CRIME,1
POLITICS,FIFTY,1
POLITICS,FOOD & DRINK,1
LATINO VOICES,TASTE,1
LATINO VOICES,WEIRD NEWS,1
GOOD NEWS,TECH,1
GOOD NEWS,THE WORLDPOST,1
GOOD NEWS,U.S. NEWS,1
GOOD NEWS,WORLDPOST,1
PARENTING,CULTURE & ARTS,1
PARENTING,ENVIRONMENT,1
LATINO VOICES,ARTS,1
LATINO VOICES,BLACK VOICES,1
LATINO VOICES,COLLEGE,1
LATINO VOICES,GREEN,1
LATINO VOICES,IMPACT,1
LATINO VOICES,QUEER VOICES,1
LATINO VOICES,RELIGION,1
LATINO VOICES,STYLE,1
GREEN,BLACK VOICES,1
GREEN,CRIME,1
GREEN,RELIGION,1
GREEN,SPORTS,1
GREEN,STYLE,1
GREEN,TECH,1
GREEN,WORLDPOST,1
FOOD & DRINK,MONEY,1
COMEDY,CULTURE & ARTS,1
COMEDY,DIVORCE,1
COMEDY,EDUCATION,1
COMEDY,ENVIRONMENT,1
COMEDY,LATINO VOICES,1
COMEDY,QUEER VOICES,1
IMPACT,FIFTY,1
IMPACT,FOOD & DRINK,1
THE WORLDPOST,WELLNESS,1
TRAVEL,BLACK VOICES,1
TRAVEL,DIVORCE,1
TRAVEL,FIFTY,1
COLLEGE,RELIGION,1
COLLEGE,SPORTS,1
COLLEGE,STYLE & BEAUTY,1
COMEDY,CRIME,1
TECH,PARENTS,1
TECH,THE WORLDPOST,1
TECH,WEDDINGS,1
THE WORLDPOST,CRIME,1
THE WORLDPOST,CULTURE & ARTS,1
THE WORLDPOST,GOOD NEWS,1
THE WORLDPOST,LATINO VOICES,1
THE WORLDPOST,U.S. NEWS,1
U.S. NEWS,MEDIA,1
U.S. NEWS,TECH,1
U.S. NEWS,WEIRD NEWS,1
WEDDINGS,BLACK VOICES,1
WEDDINGS,COMEDY,1
WEDDINGS,FIFTY,1
WEDDINGS,FOOD & DRINK,1
WEDDINGS,QUEER VOICES,1
GOOD NEWS,FOOD & DRINK,1
GOOD NEWS,MEDIA,1
GOOD NEWS,MONEY,1
GOOD NEWS,STYLE,1
GOOD NEWS,TASTE,1
HEALTHY LIVING,ARTS,1
HEALTHY LIVING,BLACK VOICES,1
U.S. NEWS,COMEDY,1
ENVIRONMENT,PARENTING,1
ENVIRONMENT,SPORTS,1
ENVIRONMENT,STYLE & BEAUTY,1
ENVIRONMENT,WEIRD NEWS,1
FOOD & DRINK,WORLD NEWS,1
GOOD NEWS,ARTS & CULTURE,1
GOOD NEWS,BUSINESS,1
GOOD NEWS,EDUCATION,1
FOOD & DRINK,RELIGION,1
FOOD & DRINK,SCIENCE,1
FOOD & DRINK,TECH,1
FOOD & DRINK,WEDDINGS,1
FOOD & DRINK,WEIRD NEWS,1
ENVIRONMENT,ARTS,1
ENVIRONMENT,CULTURE & ARTS,1
ENVIRONMENT,LATINO VOICES,1
ARTS,PARENTS,1
WORLD NEWS,CRIME,1
WORLD NEWS,GOOD NEWS,1
ARTS,PARENTING,1
WORLD NEWS,LATINO VOICES,1
WORLD NEWS,PARENTS,1
ARTS,BUSINESS,1
BLACK VOICES,FIFTY,1
HEALTHY LIVING,THE WORLDPOST,1
HEALTHY LIVING,WEDDINGS,1
ARTS,STYLE,1
WOMEN,THE WORLDPOST,1
WOMEN,TRAVEL,1
ARTS,SPORTS,1
ARTS,GOOD NEWS,1
ARTS,COLLEGE,1
WEIRD NEWS,MEDIA,1
WEIRD NEWS,PARENTING,1
WEIRD NEWS,RELIGION,1
WEIRD NEWS,STYLE & BEAUTY,1
WEIRD NEWS,WOMEN,1
WORLDPOST,TECH,1
WORLDPOST,WEIRD NEWS,1
HEALTHY LIVING,MEDIA,1
FIFTY,WEDDINGS,1
FOOD & DRINK,ENVIRONMENT,1
BUSINESS,RELIGION,1
BUSINESS,U.S. NEWS,1
COLLEGE,COMEDY,1
COLLEGE,FIFTY,1
COLLEGE,HEALTHY LIVING,1
COLLEGE,IMPACT,1
PARENTING,ARTS,1
PARENTING,ARTS & CULTURE,1
SCIENCE,STYLE,1
SCIENCE,TASTE,1
SCIENCE,U.S. NEWS,1
SCIENCE,WORLDPOST,1
SPORTS,ARTS & CULTURE,1
SPORTS,DIVORCE,1
BUSINESS,CULTURE & ARTS,1
BUSINESS,DIVORCE,1
WELLNESS,THE WORLDPOST,1
WELLNESS,U.S. NEWS,1
WOMEN,ARTS,1
ARTS,HOME & LIVING,1
WOMEN,TASTE,1
MONEY,WEDDINGS,1
IMPACT,ARTS,1
WELLNESS,BLACK VOICES,1
WELLNESS,COLLEGE,1
WELLNESS,COMEDY,1
WELLNESS,GREEN,1
BLACK VOICES,STYLE,1
BLACK VOICES,WEIRD NEWS,1
BUSINESS,ARTS & CULTURE,1
BLACK VOICES,FOOD & DRINK,1
HEALTHY LIVING,WEIRD NEWS,1
HEALTHY LIVING,WORLD NEWS,1
HOME & LIVING,ARTS,1
HOME & LIVING,ENVIRONMENT,1
HOME & LIVING,FIFTY,1
HOME & LIVING,TECH,1
HOME & LIVING,WEDDINGS,1
